{
  "baseline": {
    "threshold": 0.5,
    "accuracy": 0.9930692335849123,
    "precision": 0.40179116629350703,
    "recall": 0.8907942238267148,
    "f1": 0.5537943610604573,
    "roc_auc": 0.9611446159661455,
    "pr_auc": 0.37103844677303693,
    "tn": 453813,
    "fp": 2939,
    "fn": 242,
    "tp": 1974,
    "fpr": 0.006434564052264686,
    "tpr": 0.8907942238267148
  },
  "main": {
    "threshold": 0.2456320324399221,
    "accuracy": 0.9898075682836276,
    "precision": 0.3057746923319659,
    "recall": 0.8745487364620939,
    "f1": 0.453121346738368,
    "roc_auc": 0.9910119683240722,
    "pr_auc": 0.804600397413723,
    "tn": 452352,
    "fp": 4400,
    "fn": 278,
    "tp": 1938,
    "fpr": 0.009633236417136651,
    "tpr": 0.8745487364620939
  },
  "main_model_name": "random_forest",
  "n_train": 1138612,
  "n_val": 458968
}