{
  "test_metrics": {
    "threshold": 0.2456320324399221,
    "accuracy": 0.9926455218309409,
    "precision": 0.9999859035308131,
    "recall": 0.9821128812867096,
    "f1": 0.9909688099154504,
    "roc_auc": 0.9975740901661203,
    "pr_auc": 0.9973915812266828,
    "tn": 414318,
    "fp": 4,
    "fn": 5168,
    "tp": 283755,
    "fpr": 9.654326827926106e-06,
    "tpr": 0.9821128812867096
  },
  "n_test": 703245,
  "family_report": {
    "benign": {
      "count": 414322,
      "pred_attack_rate": 9.654326827926106e-06
    },
    "other_attack": {
      "count": 288923,
      "pred_attack_rate": 0.9821128812867096
    }
  }
}